CPPFK1MYUQNUVKJ6Y4X47P9,,,,,¿Œ∞‘∞∂
EE4BGXB4FQTT1TM0SUR2HZR,,,,,¡ﬂºº
QXABH7UUGBBU80K8CMWELPA,,,,,
3M3DM2MUE7DS9HYN6B14G3Z,,,,,
6R3ZU3W1YELYBP7QWKE5NHW,,,,,
E8FM1UN27WWNHHHUAKK5BV2,,,,,
LJ39REAS2A49WS3CLNH2VQ1,,,,,
ETZWTYFGKL91YV6M3JZUCK7,,,,,
FXZ26N6BWFCDGSA5Q3TPEUK,,,,,
67GPJRYGCKDH0RVLYEKKQ3Y,,,,,
UNX7ULZY20TSEM0UGVH39ML,,,,,
EY3STNKX0THGC6B1SHT4P1S,,,,,
BU6RP97GFJA8UQQ4FUWSSRE,,,,,
GE2FKNLS5S62N4TWM3TWTXJ,,,,,
MXBRT9KP03EKYQKE70HKCSZ,,,,,
6CR2751SXXLK92JMGLBZ2LH,,,,,
4QQQVJCUHP5XGHLLUCA4MRG,,,,,
2GPTA88K30ZDTY9SBB4MHVP,,,,,
DA9JSTUCWYTGNT1N7LS6JVC,,,,,
VY2H8B7JTZVL6H396MYKH7S,,,,,
HB7Q9392JSPK7262FK0UTG7,,,,,
J4AK453DC22Q25PVAF2K8UA,,,,,
HDURE68CPVS3ERWKCUNW5BP,,,,,
7EX6HKVH503B2Y3W17FBU64,,,,,
YLF79V8QKZPVLFPKQDECUSB,,,,,
VZYQAA3UJXQJ6VL3R6M68MQ,,,,,
3YZXKKGHQCLQL1CTXRC7MY2,,,,,
0NMFCYNQ74YJ0AX8FLVNZQE,,,,,
M0PXDNSMA1E8AKHA2KRL5VJ,,,,,
T7BV4MJMGEKSJXLEAGK357P,,,,,
UQJ4BC63Z0GALYE3G8ELDHA,,,,,
4MCAPPVG47A2961GYR1DWTY,,,,,
Q5DT6SB99QH3UWP7SLTAK8N,,,,,
M4TLXDNS4DT453F97QLCA34,,,,,
WYCWAEB8EA6JHD8KLEPMAQ9,,,,,
ZZQQNUMKKATQ8BUU3N1HNYV,,,,,
Y4378Q099YY47X8MM8U418H,,,,,
LSDSTDC5ZB7LNG0T8BP8WMS,,,,,
LC9NPJK37RJKSEJWS9UH55X,,,,,
RXAYSXT9L9JMF9LL5962GVG,,,,,
UV3LSL12UN33QH7FE0TU87H,,,,,
V3GWPTUF50T530WZJWT5P2S,,,,,
949J4S6DFG89HJXP4LM7XCF,,,,,
N35TQ2NSPRAT6D1Q04SNSCQ,,,,,
KRSHTTZ0N0KG3FKJMHV9BET,,,,,
0L1ZLJ9QY9N8ERLFF2GXGLX,,,,,
P6WQBB8SDTP9HJLAA03AJ86,,,,,
Y7KHX6LSBMCNX9PQJXP4SUB,,,,,
W8EYP201QBSG7LXEAPL71FS,,,,,
1BZGLTA0L1DY241ZQ7C7NBS,,,,,
